<?xml version="1.0"?>
<!--
/**
 * Licensed to the Apache Software Foundation (ASF) under one
 * or more contributor license agreements.  See the NOTICE file
 * distributed with this work for additional information
 * regarding copyright ownership.  The ASF licenses this file
 * to you under the Apache License, Version 2.0 (the
 * "License"); you may not use this file except in compliance
 * with the License.  You may obtain a copy of the License at
 *
 *     http://www.apache.org/licenses/LICENSE-2.0
 *
 * Unless required by applicable law or agreed to in writing, software
 * distributed under the License is distributed on an "AS IS" BASIS,
 * WITHOUT WARRANTIES OR CONDITIONS OF ANY KIND, either express or implied.
 * See the License for the specific language governing permissions and
 * limitations under the License.
 */
-->

<!-- Filesets shared by different binary tars. -->
<component>
  <fileSets>
    <!--Copy over the site if built as docs dir -->
    <fileSet>
      <directory>${project.basedir}/../target/site</directory>
      <outputDirectory>docs</outputDirectory>
      <!--
        Don't include dev apidocs. They bloat the tgz by almost 50%.
        See HBASE-20149, HBASE-24630 -->
      <excludes>
        <exclude>**/*devapidocs/**</exclude>
      </excludes>
    </fileSet>
    <!-- Include top level text files-->
    <fileSet>
      <directory>${project.basedir}/..</directory>
      <outputDirectory>.</outputDirectory>
      <includes>
        <include>CHANGES.md</include>
        <include>RELEASENOTES.md</include>
        <include>README.txt</include>
      </includes>
      <fileMode>0644</fileMode>
    </fileSet>
    <!-- Include the top level conf directory -->
    <fileSet>
      <directory>${project.basedir}/../conf</directory>
      <outputDirectory>conf</outputDirectory>
      <fileMode>0644</fileMode>
      <directoryMode>0755</directoryMode>
    </fileSet>
    <!-- Include top level bin directory -->
    <!-- First copy all but the *.cmd files-->
    <fileSet>
      <directory>${project.basedir}/../bin</directory>
      <outputDirectory>bin</outputDirectory>
      <includes>
        <include>get-active-master.rb</include>
        <include>hbase</include>
        <include>hbase-common.sh</include>
        <include>hbase-config.sh</include>
        <include>hbase-jruby</include>
        <include>hirb.rb</include>
      </includes>
      <fileMode>0755</fileMode>
      <directoryMode>0755</directoryMode>
    </fileSet>
    <!--Now do the cmd files; we do not want these executable.-->
    <fileSet>
      <directory>${project.basedir}/../bin</directory>
      <outputDirectory>bin</outputDirectory>
      <includes>
        <include>hbase.cmd</include>
        <include>hbase-config.cmd</include>
      </includes>
    </fileSet>
    <!-- Include native libraries -->
    <fileSet>
      <directory>${project.basedir}/../hbase-server/target/native</directory>
      <outputDirectory>lib/native</outputDirectory>
      <fileMode>0755</fileMode>
      <directoryMode>0755</directoryMode>
      <includes>
        <include>*.so</include>
        <include>*.dylib</include>
      </includes>
    </fileSet>
    <!-- This is only necessary until maven fixes the intra-project dependency bug
      in maven 3.0. Until then, we have to include the test jars for sub-projects. When
      fixed, the below dependencySet stuff is sufficient for pulling in the test jars as
      well, as long as they are added as dependencies in this project. Right now, we only
      have 1 submodule to accumulate, but we can copy/paste as necessary until maven is
      fixed. -->
    <!-- Used by PE and ltt -->
    <fileSet>
      <directory>${project.basedir}/../hbase-server/target/</directory>
      <outputDirectory>lib</outputDirectory>
      <includes>
        <include>${server.test.jar}</include>
      </includes>
      <fileMode>0644</fileMode>
    </fileSet>
    <fileSet>
      <directory>${project.basedir}/../hbase-mapreduce/target/</directory>
      <outputDirectory>lib</outputDirectory>
      <includes>
        <include>${mapreduce.test.jar}</include>
      </includes>
      <fileMode>0644</fileMode>
    </fileSet>
    <fileSet>
      <directory>${project.basedir}/../hbase-common/target/</directory>
      <outputDirectory>lib</outputDirectory>
      <includes>
        <include>${common.test.jar}</include>
      </includes>
      <fileMode>0644</fileMode>
    </fileSet>
    <fileSet>
      <directory>${project.basedir}/../hbase-asyncfs/target/</directory>
      <outputDirectory>lib</outputDirectory>
      <includes>
        <include>${asyncfs.test.jar}</include>
      </includes>
      <fileMode>0644</fileMode>
    </fileSet>
    <fileSet>
      <directory>${project.basedir}/../hbase-zookeeper/target/</directory>
      <outputDirectory>lib</outputDirectory>
      <includes>
        <include>${zookeeper.test.jar}</include>
      </includes>
      <fileMode>0644</fileMode>
    </fileSet>
    <fileSet>
      <directory>${project.basedir}/../hbase-procedure/target/</directory>
      <outputDirectory>lib</outputDirectory>
      <includes>
        <include>${procedure.test.jar}</include>
      </includes>
      <fileMode>0644</fileMode>
    </fileSet>
  </fileSets>
</component>
